-- phpMyAdmin SQL Dump
-- version 5.2.0
-- https://www.phpmyadmin.net/
--
-- Host: 127.0.0.1
-- Generation Time: Dec 29, 2022 at 02:49 AM
-- Server version: 10.4.25-MariaDB
-- PHP Version: 8.1.10

SET SQL_MODE = "NO_AUTO_VALUE_ON_ZERO";
START TRANSACTION;
SET time_zone = "+00:00";


/*!40101 SET @OLD_CHARACTER_SET_CLIENT=@@CHARACTER_SET_CLIENT */;
/*!40101 SET @OLD_CHARACTER_SET_RESULTS=@@CHARACTER_SET_RESULTS */;
/*!40101 SET @OLD_COLLATION_CONNECTION=@@COLLATION_CONNECTION */;
/*!40101 SET NAMES utf8mb4 */;

--
-- Database: `electric_consumption`
--

-- --------------------------------------------------------

--
-- Table structure for table `city`
--

CREATE TABLE `city` (
  `city_id` int(11) NOT NULL,
  `city_name` varchar(5) COLLATE utf8mb4_unicode_ci NOT NULL
) ENGINE=InnoDB DEFAULT CHARSET=utf8mb4 COLLATE=utf8mb4_unicode_ci;

--
-- Dumping data for table `city`
--

INSERT INTO `city` (`city_id`, `city_name`) VALUES
(1, '嘉義縣'),
(2, '高雄市'),
(3, '新北市');

-- --------------------------------------------------------

--
-- Table structure for table `electric_consumption_record`
--

CREATE TABLE `electric_consumption_record` (
  `entry_id` int(11) NOT NULL,
  `date` date NOT NULL,
  `city_id` int(11) NOT NULL,
  `consumption_kWh` bigint(20) NOT NULL
) ENGINE=InnoDB DEFAULT CHARSET=utf8mb4 COLLATE=utf8mb4_unicode_ci;

--
-- Dumping data for table `electric_consumption_record`
--

INSERT INTO `electric_consumption_record` (`entry_id`, `date`, `city_id`, `consumption_kWh`) VALUES
(1, '2016-01-01', 1, 191048809),
(2, '2016-01-01', 2, 2138963056),
(3, '2016-01-01', 3, 1439212950),
(4, '2016-02-01', 1, 161477072),
(5, '2016-02-01', 2, 1822350145),
(6, '2016-02-01', 3, 1279999291),
(7, '2016-03-01', 1, 196720866),
(8, '2016-03-01', 2, 2176257104),
(9, '2016-03-01', 3, 1471398340),
(10, '2016-04-01', 1, 204020737),
(11, '2016-04-01', 2, 2135981945),
(12, '2016-04-01', 3, 1449975615),
(13, '2016-05-01', 1, 219846266),
(14, '2016-05-01', 2, 2422901142),
(15, '2016-05-01', 3, 1639105579),
(16, '2016-06-01', 1, 225194924),
(17, '2016-06-01', 2, 2309530549),
(18, '2016-06-01', 3, 1680046650),
(19, '2016-07-01', 1, 249507718),
(20, '2016-07-01', 2, 2585365054),
(21, '2016-07-01', 3, 1965395229),
(22, '2016-08-01', 1, 248329507),
(23, '2016-08-01', 2, 2483044373),
(24, '2016-08-01', 3, 2072821124),
(25, '2016-09-01', 1, 250988795),
(26, '2016-09-01', 2, 2467598098),
(27, '2016-09-01', 3, 2135313574),
(28, '2016-10-01', 1, 241950797),
(29, '2016-10-01', 2, 2461168605),
(30, '2016-10-01', 3, 1904718339),
(31, '2016-11-01', 1, 240970386),
(32, '2016-11-01', 2, 2530741821),
(33, '2016-11-01', 3, 1774903728),
(34, '2016-12-01', 1, 205685119),
(35, '2016-12-01', 2, 2261658897),
(36, '2016-12-01', 3, 1556857242),
(37, '2017-01-01', 1, 191817774),
(38, '2017-01-01', 2, 2193737203),
(39, '2017-01-01', 3, 1448918060),
(40, '2017-02-01', 1, 186211938),
(41, '2017-02-01', 2, 1985614548),
(42, '2017-02-01', 3, 1343642035),
(43, '2017-03-01', 1, 206026631),
(44, '2017-03-01', 2, 2272826631),
(45, '2017-03-01', 3, 1452090265),
(46, '2017-04-01', 1, 206449631),
(47, '2017-04-01', 2, 2179639724),
(48, '2017-04-01', 3, 1465865214),
(49, '2017-05-01', 1, 219890032),
(50, '2017-05-01', 2, 2413309918),
(51, '2017-05-01', 3, 1604073223),
(52, '2017-06-01', 1, 237270115),
(53, '2017-06-01', 2, 2345587574),
(54, '2017-06-01', 3, 1621998211),
(55, '2017-07-01', 1, 245120436),
(56, '2017-07-01', 2, 2622576013),
(57, '2017-07-01', 3, 1910196618),
(58, '2017-08-01', 1, 243505978),
(59, '2017-08-01', 2, 2534660582),
(60, '2017-08-01', 3, 2048605320),
(61, '2017-09-01', 1, 255600850),
(62, '2017-09-01', 2, 2630942312),
(63, '2017-09-01', 3, 2192327946),
(64, '2017-10-01', 1, 255475232),
(65, '2017-10-01', 2, 2543888571),
(66, '2017-10-01', 3, 2062012500),
(67, '2017-11-01', 1, 249200234),
(68, '2017-11-01', 2, 2577317623),
(69, '2017-11-01', 3, 1855753371),
(70, '2017-12-01', 1, 219879904),
(71, '2017-12-01', 2, 2289105406),
(72, '2017-12-01', 3, 1544988948),
(73, '2018-01-01', 1, 201723019),
(74, '2018-01-01', 2, 2333441467),
(75, '2018-01-01', 3, 1532970964),
(76, '2018-02-01', 1, 168985490),
(77, '2018-02-01', 2, 1969086415),
(78, '2018-02-01', 3, 1343232470),
(79, '2018-03-01', 1, 209604004),
(80, '2018-03-01', 2, 2440946672),
(81, '2018-03-01', 3, 1533856870),
(82, '2018-04-01', 1, 218114581),
(83, '2018-04-01', 2, 2308615434),
(84, '2018-04-01', 3, 1508131841),
(85, '2018-05-01', 1, 241547259),
(86, '2018-05-01', 2, 2573584622),
(87, '2018-05-01', 3, 1646925369),
(88, '2018-06-01', 1, 243822317),
(89, '2018-06-01', 2, 2461997200),
(90, '2018-06-01', 3, 1737875084),
(91, '2018-07-01', 1, 266479164),
(92, '2018-07-01', 2, 2711530037),
(93, '2018-07-01', 3, 2029238079),
(94, '2018-08-01', 1, 256952770),
(95, '2018-08-01', 2, 2573983174),
(96, '2018-08-01', 3, 2103958826),
(97, '2018-09-01', 1, 263184874),
(98, '2018-09-01', 2, 2657940523),
(99, '2018-09-01', 3, 2170327789),
(100, '2018-10-01', 1, 250337361),
(101, '2018-10-01', 2, 2567805514),
(102, '2018-10-01', 3, 1889120031),
(103, '2018-11-01', 1, 249066205),
(104, '2018-11-01', 2, 2581802032),
(105, '2018-11-01', 3, 1681138848),
(106, '2018-12-01', 1, 223973986),
(107, '2018-12-01', 2, 2365671725),
(108, '2018-12-01', 3, 1504466265),
(109, '2019-01-01', 1, 208906976),
(110, '2019-01-01', 2, 2376885091),
(111, '2019-01-01', 3, 1510010258),
(112, '2019-02-01', 1, 183360378),
(113, '2019-02-01', 2, 2016182207),
(114, '2019-02-01', 3, 1345485215),
(115, '2019-03-01', 1, 225020473),
(116, '2019-03-01', 2, 2369848255),
(117, '2019-03-01', 3, 1481707798),
(118, '2019-04-01', 1, 213938223),
(119, '2019-04-01', 2, 2293628187),
(120, '2019-04-01', 3, 1478292667),
(121, '2019-05-01', 1, 235646038),
(122, '2019-05-01', 2, 2515437260),
(123, '2019-05-01', 3, 1647408556),
(124, '2019-06-01', 1, 231353461),
(125, '2019-06-01', 2, 2411660619),
(126, '2019-06-01', 3, 1685704296),
(127, '2019-07-01', 1, 250946038),
(128, '2019-07-01', 2, 2633173976),
(129, '2019-07-01', 3, 1917883423),
(130, '2019-08-01', 1, 248316087),
(131, '2019-08-01', 2, 2536273929),
(132, '2019-08-01', 3, 2068935019),
(133, '2019-09-01', 1, 259644421),
(134, '2019-09-01', 2, 2632830125),
(135, '2019-09-01', 3, 2225798257),
(136, '2019-10-01', 1, 244184226),
(137, '2019-10-01', 2, 2517472617),
(138, '2019-10-01', 3, 1951505663),
(139, '2019-11-01', 1, 241865107),
(140, '2019-11-01', 2, 2541195267),
(141, '2019-11-01', 3, 1708198097),
(142, '2019-12-01', 1, 209618394),
(143, '2019-12-01', 2, 2279815052),
(144, '2019-12-01', 3, 1493972989),
(145, '2020-01-01', 1, 190255862),
(146, '2020-01-01', 2, 2221899351),
(147, '2020-01-01', 3, 1411728602),
(148, '2020-02-01', 1, 200429596),
(149, '2020-02-01', 2, 2185989747),
(150, '2020-02-01', 3, 1469296909),
(151, '2020-03-01', 1, 218497232),
(152, '2020-03-01', 2, 2418661277),
(153, '2020-03-01', 3, 1537597643),
(154, '2020-04-01', 1, 219427568),
(155, '2020-04-01', 2, 2241572836),
(156, '2020-04-01', 3, 1465677061),
(157, '2020-05-01', 1, 226960577),
(158, '2020-05-01', 2, 2447605869),
(159, '2020-05-01', 3, 1597783545),
(160, '2020-06-01', 1, 240935759),
(161, '2020-06-01', 2, 2424178157),
(162, '2020-06-01', 3, 1758844195),
(163, '2020-07-01', 1, 282313304),
(164, '2020-07-01', 2, 2728924094),
(165, '2020-07-01', 3, 2150896741),
(166, '2020-08-01', 1, 263761862),
(167, '2020-08-01', 2, 2605655256),
(168, '2020-08-01', 3, 2146549391),
(169, '2020-09-01', 1, 282705771),
(170, '2020-09-01', 2, 2763063309),
(171, '2020-09-01', 3, 2255281180),
(172, '2020-10-01', 1, 254152350),
(173, '2020-10-01', 2, 2588414218),
(174, '2020-10-01', 3, 1931205414),
(175, '2020-11-01', 1, 259336096),
(176, '2020-11-01', 2, 2596027054),
(177, '2020-11-01', 3, 1694452170),
(178, '2020-12-01', 1, 224153224),
(179, '2020-12-01', 2, 2363927058),
(180, '2020-12-01', 3, 1488109712),
(181, '2021-01-01', 1, 223686616),
(182, '2021-01-01', 2, 2386206720),
(183, '2021-01-01', 3, 1569071348),
(184, '2021-02-01', 1, 199191307),
(185, '2021-02-01', 2, 2039510770),
(186, '2021-02-01', 3, 1463181680),
(187, '2021-03-01', 1, 252121431),
(188, '2021-03-01', 2, 2543813117),
(189, '2021-03-01', 3, 1622703448),
(190, '2021-04-01', 1, 235916945),
(191, '2021-04-01', 2, 2416499497),
(192, '2021-04-01', 3, 1570566621),
(193, '2021-05-01', 1, 251668878),
(194, '2021-05-01', 2, 2629644296),
(195, '2021-05-01', 3, 1672518545),
(196, '2021-06-01', 1, 264383117),
(197, '2021-06-01', 2, 2532698788),
(198, '2021-06-01', 3, 1808996812),
(199, '2021-07-01', 1, 278759030),
(200, '2021-07-01', 2, 2796251484),
(201, '2021-07-01', 3, 2092617883),
(202, '2021-08-01', 1, 276963973),
(203, '2021-08-01', 2, 2646095646),
(204, '2021-08-01', 3, 2151976084),
(205, '2021-09-01', 1, 296333375),
(206, '2021-09-01', 2, 2796102676),
(207, '2021-09-01', 3, 2242432302),
(208, '2021-10-01', 1, 312196106),
(209, '2021-10-01', 2, 2718332559),
(210, '2021-10-01', 3, 2144046958),
(211, '2021-11-01', 1, 301279349),
(212, '2021-11-01', 2, 2751372562),
(213, '2021-11-01', 3, 1934679401),
(214, '2021-12-01', 1, 257148836),
(215, '2021-12-01', 2, 2514187598),
(216, '2021-12-01', 3, 1639135191),
(217, '2022-01-01', 1, 240244070),
(218, '2022-01-01', 2, 2444834528),
(219, '2022-01-01', 3, 1582226447),
(220, '2022-02-01', 1, 241485057),
(221, '2022-02-01', 2, 2192985145),
(222, '2022-02-01', 3, 1505816611),
(223, '2022-03-01', 1, 311332883),
(224, '2022-03-01', 2, 2556132112),
(225, '2022-03-01', 3, 1696024539),
(226, '2022-04-01', 1, 265777408),
(227, '2022-04-01', 2, 2396139333),
(228, '2022-04-01', 3, 1495757924),
(229, '2022-05-01', 1, 330878499),
(230, '2022-05-01', 2, 2609164916),
(231, '2022-05-01', 3, 1555729210),
(232, '2022-06-01', 1, 298068403),
(233, '2022-06-01', 2, 2542710526),
(234, '2022-06-01', 3, 1685156518),
(235, '2022-07-01', 1, 328536328),
(236, '2022-07-01', 2, 2804596429),
(237, '2022-07-01', 3, 1967446764),
(238, '2022-08-01', 1, 324805775),
(239, '2022-08-01', 2, 2673933870),
(240, '2022-08-01', 3, 2200254470),
(241, '2022-09-01', 1, 334913917),
(242, '2022-09-01', 2, 2842392368),
(243, '2022-09-01', 3, 2388421319),
(244, '2022-10-01', 1, 285647706),
(245, '2022-10-01', 2, 2673037455),
(246, '2022-10-01', 3, 2051407491),
(247, '2022-11-01', 1, 0),
(248, '2022-11-01', 2, 0),
(249, '2022-11-01', 3, 0),
(250, '2022-12-01', 1, 0),
(251, '2022-12-01', 2, 0),
(252, '2022-12-01', 3, 0);

-- --------------------------------------------------------

--
-- Table structure for table `migrations`
--

CREATE TABLE `migrations` (
  `id` int(10) UNSIGNED NOT NULL,
  `migration` varchar(255) COLLATE utf8mb4_unicode_ci NOT NULL,
  `batch` int(11) NOT NULL
) ENGINE=InnoDB DEFAULT CHARSET=utf8mb4 COLLATE=utf8mb4_unicode_ci;

--
-- Dumping data for table `migrations`
--

INSERT INTO `migrations` (`id`, `migration`, `batch`) VALUES
(1, '2019_12_14_000001_create_personal_access_tokens_table', 1);

-- --------------------------------------------------------

--
-- Table structure for table `personal_access_tokens`
--

CREATE TABLE `personal_access_tokens` (
  `id` bigint(20) UNSIGNED NOT NULL,
  `tokenable_type` varchar(255) COLLATE utf8mb4_unicode_ci NOT NULL,
  `tokenable_id` bigint(20) UNSIGNED NOT NULL,
  `name` varchar(255) COLLATE utf8mb4_unicode_ci NOT NULL,
  `token` varchar(64) COLLATE utf8mb4_unicode_ci NOT NULL,
  `abilities` text COLLATE utf8mb4_unicode_ci DEFAULT NULL,
  `last_used_at` timestamp NULL DEFAULT NULL,
  `expires_at` timestamp NULL DEFAULT NULL,
  `created_at` timestamp NULL DEFAULT NULL,
  `updated_at` timestamp NULL DEFAULT NULL
) ENGINE=InnoDB DEFAULT CHARSET=utf8mb4 COLLATE=utf8mb4_unicode_ci;

-- --------------------------------------------------------

--
-- Table structure for table `population_record`
--

CREATE TABLE `population_record` (
  `entry_id` int(11) NOT NULL,
  `year` date NOT NULL,
  `city_id` int(11) NOT NULL,
  `population` bigint(20) NOT NULL
) ENGINE=InnoDB DEFAULT CHARSET=utf8mb4 COLLATE=utf8mb4_unicode_ci;

--
-- Dumping data for table `population_record`
--

INSERT INTO `population_record` (`entry_id`, `year`, `city_id`, `population`) VALUES
(1, '2016-01-01', 1, 515320),
(2, '2016-01-01', 2, 2779371),
(3, '2016-01-01', 3, 3979208),
(4, '2017-01-01', 1, 511182),
(5, '2017-01-01', 2, 2776912),
(6, '2017-01-01', 3, 3986689),
(7, '2018-01-01', 1, 507068),
(8, '2018-01-01', 2, 2773533),
(9, '2018-01-01', 3, 3995717),
(10, '2019-01-01', 1, 503113),
(11, '2019-01-01', 2, 2773198),
(12, '2019-01-01', 3, 4018696),
(13, '2020-01-01', 1, 499481),
(14, '2020-01-01', 2, 2765932),
(15, '2020-01-01', 3, 4030954),
(16, '2021-01-01', 1, 493316),
(17, '2021-01-01', 2, 2744691),
(18, '2021-01-01', 3, 4008113),
(19, '2022-01-01', 1, 488920),
(20, '2022-01-01', 2, 2723495),
(21, '2022-01-01', 3, 3982363);

--
-- Indexes for dumped tables
--

--
-- Indexes for table `city`
--
ALTER TABLE `city`
  ADD PRIMARY KEY (`city_id`),
  ADD UNIQUE KEY `city_id` (`city_id`);

--
-- Indexes for table `electric_consumption_record`
--
ALTER TABLE `electric_consumption_record`
  ADD PRIMARY KEY (`entry_id`),
  ADD KEY `city_id` (`city_id`);

--
-- Indexes for table `migrations`
--
ALTER TABLE `migrations`
  ADD PRIMARY KEY (`id`);

--
-- Indexes for table `personal_access_tokens`
--
ALTER TABLE `personal_access_tokens`
  ADD PRIMARY KEY (`id`),
  ADD UNIQUE KEY `personal_access_tokens_token_unique` (`token`),
  ADD KEY `personal_access_tokens_tokenable_type_tokenable_id_index` (`tokenable_type`,`tokenable_id`);

--
-- Indexes for table `population_record`
--
ALTER TABLE `population_record`
  ADD PRIMARY KEY (`entry_id`),
  ADD KEY `city_id` (`city_id`);

--
-- AUTO_INCREMENT for dumped tables
--

--
-- AUTO_INCREMENT for table `electric_consumption_record`
--
ALTER TABLE `electric_consumption_record`
  MODIFY `entry_id` int(11) NOT NULL AUTO_INCREMENT, AUTO_INCREMENT=253;

--
-- AUTO_INCREMENT for table `migrations`
--
ALTER TABLE `migrations`
  MODIFY `id` int(10) UNSIGNED NOT NULL AUTO_INCREMENT, AUTO_INCREMENT=2;

--
-- AUTO_INCREMENT for table `personal_access_tokens`
--
ALTER TABLE `personal_access_tokens`
  MODIFY `id` bigint(20) UNSIGNED NOT NULL AUTO_INCREMENT;

--
-- AUTO_INCREMENT for table `population_record`
--
ALTER TABLE `population_record`
  MODIFY `entry_id` int(11) NOT NULL AUTO_INCREMENT, AUTO_INCREMENT=22;

--
-- Constraints for dumped tables
--

--
-- Constraints for table `electric_consumption_record`
--
ALTER TABLE `electric_consumption_record`
  ADD CONSTRAINT `electric_consumption_record_ibfk_1` FOREIGN KEY (`city_id`) REFERENCES `city` (`city_id`);

--
-- Constraints for table `population_record`
--
ALTER TABLE `population_record`
  ADD CONSTRAINT `population_record_ibfk_1` FOREIGN KEY (`city_id`) REFERENCES `city` (`city_id`);
COMMIT;

/*!40101 SET CHARACTER_SET_CLIENT=@OLD_CHARACTER_SET_CLIENT */;
/*!40101 SET CHARACTER_SET_RESULTS=@OLD_CHARACTER_SET_RESULTS */;
/*!40101 SET COLLATION_CONNECTION=@OLD_COLLATION_CONNECTION */;
